"Country","Temperature"
JAN MAYEN,-0.5063122195152587
SVALBARD,-0.18788671012927546
ICELAND,0.18319725737198816
NORWAY,1.3795834931100588
DENMARK,1.3797114509918817
FINLAND,1.4628233768407273
FORMER USSR (EUROPE),1.4643201199719507
MAN  ISLE OF,1.4675461056049994
BELGIUM AND LUXEMBOURG,1.5504802710436145
RUSSIA,1.5520831987789971
